Temp,Region,Rate,Ratese
a5,coolest,0.215594384,0.616657118
b15,coolest,-1.026570671,0.793913024
c25,coolest,-2.68133475,1.376948969
a5,intermediate,-0.409058664,0.102200261
b15,intermediate,-1.816415258,1.841912197
c25,intermediate,-2.241665802,1.850045202
a5,warmest,-0.85950028,0.514073976
b15,warmest,-2.135393146,1.852839018
c25,warmest,-3.690771129,0.949030905